{
	"info": {
		"_postman_id": "1893a937-7c0e-4391-9478-e811500a87f5",
		"name": "IT-KAMASUTRA-API",
		"schema": "https://schema.getpostman.com/json/collection/v2.1.0/collection.json"
	},
	"item": [
		{
			"name": "v1.0",
			"item": [
				{
					"name": "security",
					"item": [
						{
							"name": "get captcha URL",
							"request": {
								"method": "GET",
								"header": [
									{
										"key": "API-KEY",
										"value": "41a301f3-1510-488a-b73d-f4713384558e",
										"type": "text"
									}
								],
								"url": {
									"raw": "{{protocol}}://{{url}}/1.0/{{security-end-point}}/get-captcha-url",
									"protocol": "{{protocol}}",
									"host": [
										"{{url}}"
									],
									"path": [
										"1.0",
										"{{security-end-point}}",
										"get-captcha-url"
									]
								}
							},
							"response": []
						}
					]
				},
				{
					"name": "users",
					"item": [
						{
							"name": "get users",
							"request": {
								"method": "GET",
								"header": [
									{
										"key": "API-KEY",
										"value": "41a301f3-1510-488a-b73d-f4713384558e",
										"type": "text"
									}
								],
								"url": {
									"raw": "{{protocol}}://{{url}}/1.0/{{users-end-point}}?page=1&count=5",
									"protocol": "{{protocol}}",
									"host": [
										"{{url}}"
									],
									"path": [
										"1.0",
										"{{users-end-point}}"
									],
									"query": [
										{
											"key": "page",
											"value": "1"
										},
										{
											"key": "count",
											"value": "5"
										}
									]
								}
							},
							"response": []
						}
					]
				},
				{
					"name": "follow",
					"item": [
						{
							"name": "follow user",
							"request": {
								"method": "POST",
								"header": [],
								"url": {
									"raw": "{{protocol}}://{{url}}/1.0/{{follow-end-point}}/23624",
									"protocol": "{{protocol}}",
									"host": [
										"{{url}}"
									],
									"path": [
										"1.0",
										"{{follow-end-point}}",
										"23624"
									]
								}
							},
							"response": []
						},
						{
							"name": "unfollow user",
							"request": {
								"method": "DELETE",
								"header": [],
								"url": {
									"raw": "{{protocol}}://{{url}}/1.0/{{follow-end-point}}/22212",
									"protocol": "{{protocol}}",
									"host": [
										"{{url}}"
									],
									"path": [
										"1.0",
										"{{follow-end-point}}",
										"22212"
									]
								}
							},
							"response": []
						}
					]
				},
				{
					"name": "profile",
					"item": [
						{
							"name": "get user profile",
							"request": {
								"method": "GET",
								"header": [
									{
										"key": "API-KEY",
										"value": "41a301f3-1510-488a-b73d-f4713384558e",
										"type": "text"
									}
								],
								"url": {
									"raw": "{{protocol}}://{{url}}/1.0/{{profile-end-point}}/16064",
									"protocol": "{{protocol}}",
									"host": [
										"{{url}}"
									],
									"path": [
										"1.0",
										"{{profile-end-point}}",
										"16064"
									]
								}
							},
							"response": []
						},
						{
							"name": "change user profile",
							"request": {
								"method": "PUT",
								"header": [
									{
										"key": "API-KEY",
										"value": "41a301f3-1510-488a-b73d-f4713384558e",
										"type": "text"
									}
								],
								"body": {
									"mode": "raw",
									"raw": "{\n    \"lookingForAJob\": false,\n    \"lookingForAJobDescription\": \"test1\",\n    \"fullName\": \"Alex_Evs\",\n    \"aboutMe\": \"sdf\",\n    \"contacts\": {\n        \"github\": \"\",\n        \"vk\": \"\",\n        \"facebook\": \"\",\n        \"instagram\": \"\",\n        \"twitter\": \"\",\n        \"website\": \"\",\n        \"youtube\": \"\",\n        \"mainLink\": \"\"\n    }\n}",
									"options": {
										"raw": {
											"language": "json"
										}
									}
								},
								"url": {
									"raw": "{{protocol}}://{{url}}/1.0/{{profile-end-point}}",
									"protocol": "{{protocol}}",
									"host": [
										"{{url}}"
									],
									"path": [
										"1.0",
										"{{profile-end-point}}"
									]
								}
							},
							"response": []
						},
						{
							"name": "set user profile photo",
							"request": {
								"method": "PUT",
								"header": [
									{
										"key": "API-KEY",
										"value": "41a301f3-1510-488a-b73d-f4713384558e",
										"type": "text"
									}
								],
								"body": {
									"mode": "formdata",
									"formdata": [
										{
											"key": "image",
											"type": "file",
											"src": "/home/alexevs/Изображения/sowa.jpg"
										}
									]
								},
								"url": {
									"raw": "{{protocol}}://{{url}}/1.0/{{profile-end-point}}/photo",
									"protocol": "{{protocol}}",
									"host": [
										"{{url}}"
									],
									"path": [
										"1.0",
										"{{profile-end-point}}",
										"photo"
									]
								}
							},
							"response": []
						},
						{
							"name": "get user status",
							"request": {
								"method": "GET",
								"header": [
									{
										"key": "API-KEY",
										"value": "41a301f3-1510-488a-b73d-f4713384558e",
										"type": "text"
									}
								],
								"url": {
									"raw": "{{protocol}}://{{url}}/1.0/{{profile-end-point}}/status/16064",
									"protocol": "{{protocol}}",
									"host": [
										"{{url}}"
									],
									"path": [
										"1.0",
										"{{profile-end-point}}",
										"status",
										"16064"
									]
								}
							},
							"response": []
						},
						{
							"name": "set status",
							"request": {
								"method": "PUT",
								"header": [
									{
										"key": "API-KEY",
										"value": "41a301f3-1510-488a-b73d-f4713384558e",
										"type": "text"
									}
								],
								"body": {
									"mode": "raw",
									"raw": "{\n    \"status\": \"newsdfsdf\"\n}",
									"options": {
										"raw": {
											"language": "json"
										}
									}
								},
								"url": {
									"raw": "{{protocol}}://{{url}}/1.0/{{profile-end-point}}/status",
									"protocol": "{{protocol}}",
									"host": [
										"{{url}}"
									],
									"path": [
										"1.0",
										"{{profile-end-point}}",
										"status"
									]
								}
							},
							"response": []
						}
					]
				},
				{
					"name": "auth",
					"item": [
						{
							"name": "login",
							"request": {
								"method": "POST",
								"header": [],
								"body": {
									"mode": "raw",
									"raw": "{\n    \"email\": \"0000\",\n    \"password\": \"0000\",\n    \"captcha\": \"fJkW\"\n}",
									"options": {
										"raw": {
											"language": "json"
										}
									}
								},
								"url": {
									"raw": "{{protocol}}://{{url}}/1.0/{{auth-end-point}}/login",
									"protocol": "{{protocol}}",
									"host": [
										"{{url}}"
									],
									"path": [
										"1.0",
										"{{auth-end-point}}",
										"login"
									]
								}
							},
							"response": []
						},
						{
							"name": "logout",
							"request": {
								"method": "DELETE",
								"header": [],
								"body": {
									"mode": "raw",
									"raw": "",
									"options": {
										"raw": {
											"language": "json"
										}
									}
								},
								"url": {
									"raw": "{{protocol}}://{{url}}/1.0/{{auth-end-point}}/login",
									"protocol": "{{protocol}}",
									"host": [
										"{{url}}"
									],
									"path": [
										"1.0",
										"{{auth-end-point}}",
										"login"
									]
								}
							},
							"response": []
						},
						{
							"name": "get current user",
							"request": {
								"method": "GET",
								"header": [],
								"url": {
									"raw": "{{protocol}}://{{url}}/1.0/{{auth-end-point}}/me",
									"protocol": "{{protocol}}",
									"host": [
										"{{url}}"
									],
									"path": [
										"1.0",
										"{{auth-end-point}}",
										"me"
									]
								}
							},
							"response": []
						}
					]
				}
			]
		}
	],
	"event": [
		{
			"listen": "prerequest",
			"script": {
				"type": "text/javascript",
				"exec": [
					""
				]
			}
		},
		{
			"listen": "test",
			"script": {
				"type": "text/javascript",
				"exec": [
					""
				]
			}
		}
	],
	"variable": [
		{
			"key": "protocol",
			"value": "https"
		},
		{
			"key": "url",
			"value": "social-network.samuraijs.com/api"
		},
		{
			"key": "users-end-point",
			"value": "users"
		},
		{
			"key": "follow-end-point",
			"value": "follow"
		},
		{
			"key": "profile-end-point",
			"value": "profile"
		},
		{
			"key": "auth-end-point",
			"value": "auth"
		},
		{
			"key": "security-end-point",
			"value": "security"
		}
	]
}