{
	"info": {
		"_postman_id": "7f2e5f61-ac9f-4d3a-9f4b-8c036a542e70",
		"name": "sowa-server",
		"schema": "https://schema.getpostman.com/json/collection/v2.1.0/collection.json"
	},
	"item": [
		{
			"name": "Создать пользователя",
			"request": {
				"method": "POST",
				"header": [],
				"body": {
					"mode": "raw",
					"raw": "{\n    \"id\": 1,\n    \"email\": \"evstafiadi@yandex.ru\",\n    \"password\": \"4815162342\",\n    \"banned\": \"false\",\n    \"banReason\": \"\"\n}",
					"options": {
						"raw": {
							"language": "json"
						}
					}
				},
				"url": {
					"raw": "http://localhost:7000/users",
					"protocol": "http",
					"host": [
						"localhost"
					],
					"port": "7000",
					"path": [
						"users"
					]
				}
			},
			"response": []
		},
		{
			"name": "Получить пользователей",
			"request": {
				"method": "GET",
				"header": [],
				"url": {
					"raw": "http://localhost:7000/users",
					"protocol": "http",
					"host": [
						"localhost"
					],
					"port": "7000",
					"path": [
						"users"
					]
				}
			},
			"response": []
		}
	]
}