{
	"info": {
		"_postman_id": "4020cf9e-e0f2-4652-95d7-9c869dbb41b0",
		"name": "sowa-server",
		"schema": "https://schema.getpostman.com/json/collection/v2.1.0/collection.json"
	},
	"item": [
		{
			"name": "v1.0",
			"item": [
				{
					"name": "api",
					"item": [
						{
							"name": "users",
							"item": [
								{
									"name": "get users",
									"event": [
										{
											"listen": "test",
											"script": {
												"exec": [
													"pm.test(\"Get users: successfully\", function () {",
													"    pm.response.to.have.status(200);",
													"});",
													"pm.test(\"Request users count equils response users count\", function () {",
													"    var jsonData = pm.response.json();",
													"    const requestUsersCount = pm.collectionVariables.get(\"api/get-users/count\");",
													"    pm.expect(jsonData.items.length).to.not.greaterThan(requestUsersCount);",
													"});",
													"pm.test(\"The response contains a total count field\", function () {",
													"    pm.expect(pm.response.text()).to.include(\"totalCount\");",
													"});",
													"pm.collectionVariables.unset(\"api/get-users/page\");",
													"pm.collectionVariables.unset(\"api/get-users/count\");"
												],
												"type": "text/javascript"
											}
										},
										{
											"listen": "prerequest",
											"script": {
												"exec": [
													"pm.collectionVariables.set(\"api/get-users/page\", 1);",
													"pm.collectionVariables.set(\"api/get-users/count\", 20);"
												],
												"type": "text/javascript"
											}
										}
									],
									"request": {
										"auth": {
											"type": "bearer",
											"bearer": [
												{
													"key": "token",
													"value": "{{api/access_token}}",
													"type": "string"
												}
											]
										},
										"method": "GET",
										"header": [
											{
												"key": "Authorization",
												"value": "eyJhbGciOiJIUzI1NiIsInR5cCI6IkpXVCJ9.eyJlbWFpbCI6InNhdGFuQHlhbmRleC5ydSIsImlkIjoxLCJyb2xlcyI6W10sImlhdCI6MTY0NTE5Mjk4NSwiZXhwIjoxNjQ1MTkzNTg1LCJhdWQiOiJodHRwczovL3Nvd2EtYXBpLmNvbSIsImlzcyI6Imh0dHBzOi8vc293YS1hcGkuY29tIiwic3ViIjoiMSJ9.NEUGFnJtISwmdIHLiySAU4-y3QAwBtx2pabAcPARnLE",
												"type": "text"
											},
											{
												"key": "origin",
												"value": "",
												"type": "text"
											}
										],
										"url": {
											"raw": "{{protocol}}://{{dev-url}}/1.0/{{users-end-point}}?page={{api/get-users/page}}&count={{api/get-users/count}}",
											"protocol": "{{protocol}}",
											"host": [
												"{{dev-url}}"
											],
											"path": [
												"1.0",
												"{{users-end-point}}"
											],
											"query": [
												{
													"key": "page",
													"value": "{{api/get-users/page}}"
												},
												{
													"key": "count",
													"value": "{{api/get-users/count}}"
												}
											]
										}
									},
									"response": []
								},
								{
									"name": "give a role to a user",
									"event": [
										{
											"listen": "test",
											"script": {
												"exec": [
													"pm.test(\"Give a role to a user: successfully\", function () {",
													"    pm.response.to.have.status(201);",
													"});"
												],
												"type": "text/javascript"
											}
										}
									],
									"request": {
										"auth": {
											"type": "bearer",
											"bearer": [
												{
													"key": "token",
													"value": "{{api/access_token}}",
													"type": "string"
												}
											]
										},
										"method": "POST",
										"header": [],
										"body": {
											"mode": "raw",
											"raw": "{\n    \"value\": \"user\",\n    \"userID\": 1\n}",
											"options": {
												"raw": {
													"language": "json"
												}
											}
										},
										"url": {
											"raw": "{{protocol}}://{{dev-url}}/1.0/{{users-end-point}}/role",
											"protocol": "{{protocol}}",
											"host": [
												"{{dev-url}}"
											],
											"path": [
												"1.0",
												"{{users-end-point}}",
												"role"
											]
										}
									},
									"response": []
								},
								{
									"name": "ban user",
									"event": [
										{
											"listen": "prerequest",
											"script": {
												"exec": [
													"pm.collectionVariables.set(\"api/ban-user/user_id\", 2);",
													"pm.collectionVariables.set(\"api/ban-user/reason\", \"test reason\");"
												],
												"type": "text/javascript"
											}
										},
										{
											"listen": "test",
											"script": {
												"exec": [
													"pm.test(\"Ban user: successfully\", function () {",
													"    pm.response.to.have.status(201);",
													"});",
													"pm.test(\"Request user id equils response user id\", function () {",
													"    var jsonData = pm.response.json();",
													"    const requestUserId = pm.collectionVariables.get(\"api/ban-user/user_id\");",
													"    pm.expect(jsonData.id).to.eql(requestUserId);",
													"});",
													"pm.test(\"Response 'banned' field equils true\", function () {",
													"    var jsonData = pm.response.json();",
													"    pm.expect(jsonData.banned).to.eql(true);",
													"});",
													"pm.test(\"Request ban reason equils response ban reason\", function () {",
													"    var jsonData = pm.response.json();",
													"    const requestBanUserReason = pm.collectionVariables.get(\"api/ban-user/reason\");",
													"    pm.expect(jsonData.banReason).to.eql(requestBanUserReason);",
													"});",
													"pm.collectionVariables.unset(\"api/ban-user/user_id\");",
													"pm.collectionVariables.unset(\"api/ban-user/reason\");"
												],
												"type": "text/javascript"
											}
										}
									],
									"request": {
										"auth": {
											"type": "bearer",
											"bearer": [
												{
													"key": "token",
													"value": "{{api/access_token}}",
													"type": "string"
												}
											]
										},
										"method": "POST",
										"header": [],
										"body": {
											"mode": "raw",
											"raw": "{\n    \"userID\": {{api/ban-user/user_id}},\n    \"banReason\": \"{{api/ban-user/reason}}\"\n}",
											"options": {
												"raw": {
													"language": "json"
												}
											}
										},
										"url": {
											"raw": "{{protocol}}://{{dev-url}}/1.0/{{users-end-point}}/ban",
											"protocol": "{{protocol}}",
											"host": [
												"{{dev-url}}"
											],
											"path": [
												"1.0",
												"{{users-end-point}}",
												"ban"
											]
										}
									},
									"response": []
								},
								{
									"name": "get user status",
									"event": [
										{
											"listen": "test",
											"script": {
												"exec": [
													"pm.test(\"Get user status: successfully\", function () {",
													"    pm.response.to.have.status(200);",
													"});",
													"pm.test(\"Body matches string\", function () {",
													"    pm.expect(pm.response.text()).to.include(\"status\");",
													"});"
												],
												"type": "text/javascript"
											}
										}
									],
									"request": {
										"auth": {
											"type": "bearer",
											"bearer": [
												{
													"key": "token",
													"value": "{{api/access_token}}",
													"type": "string"
												}
											]
										},
										"method": "GET",
										"header": [],
										"url": {
											"raw": "{{protocol}}://{{dev-url}}/1.0/{{users-end-point}}/status/1",
											"protocol": "{{protocol}}",
											"host": [
												"{{dev-url}}"
											],
											"path": [
												"1.0",
												"{{users-end-point}}",
												"status",
												"1"
											]
										}
									},
									"response": []
								},
								{
									"name": "set user status",
									"event": [
										{
											"listen": "test",
											"script": {
												"exec": [
													"pm.test(\"Set user status: successfully\", function () {",
													"    pm.response.to.have.status(200);",
													"});",
													"pm.test(\"The response contains an boolean\", function () {",
													"    pm.expect(pm.response.text()).to.include(true);",
													"});"
												],
												"type": "text/javascript"
											}
										},
										{
											"listen": "prerequest",
											"script": {
												"exec": [
													""
												],
												"type": "text/javascript"
											}
										}
									],
									"request": {
										"auth": {
											"type": "bearer",
											"bearer": [
												{
													"key": "token",
													"value": "{{api/access_token}}",
													"type": "string"
												}
											]
										},
										"method": "PUT",
										"header": [],
										"body": {
											"mode": "raw",
											"raw": "{\n    \"status\": \"test\"\n}",
											"options": {
												"raw": {
													"language": "json"
												}
											}
										},
										"url": {
											"raw": "{{protocol}}://{{dev-url}}/1.0/{{users-end-point}}/status",
											"protocol": "{{protocol}}",
											"host": [
												"{{dev-url}}"
											],
											"path": [
												"1.0",
												"{{users-end-point}}",
												"status"
											]
										}
									},
									"response": []
								}
							]
						},
						{
							"name": "roles",
							"item": [
								{
									"name": "create a role",
									"event": [
										{
											"listen": "prerequest",
											"script": {
												"exec": [
													""
												],
												"type": "text/javascript"
											}
										},
										{
											"listen": "test",
											"script": {
												"exec": [
													"pm.test(\"Create a role: successfully\", function () {",
													"    pm.response.to.have.status(201);",
													"});"
												],
												"type": "text/javascript"
											}
										}
									],
									"request": {
										"auth": {
											"type": "bearer",
											"bearer": [
												{
													"key": "token",
													"value": "{{api/access_token}}",
													"type": "string"
												}
											]
										},
										"method": "POST",
										"header": [
											{
												"key": "origin",
												"value": "http://localhost:3000",
												"type": "text",
												"disabled": true
											},
											{
												"key": "",
												"value": "l",
												"type": "text",
												"disabled": true
											}
										],
										"body": {
											"mode": "raw",
											"raw": "{\n    \"value\": \"test\",\n    \"description\": \"test\"\n}",
											"options": {
												"raw": {
													"language": "json"
												}
											}
										},
										"url": {
											"raw": "{{protocol}}://{{dev-url}}/1.0/{{roles-end-point}}",
											"protocol": "{{protocol}}",
											"host": [
												"{{dev-url}}"
											],
											"path": [
												"1.0",
												"{{roles-end-point}}"
											]
										}
									},
									"response": []
								},
								{
									"name": "get a role by value",
									"event": [
										{
											"listen": "test",
											"script": {
												"exec": [
													"pm.test(\"Get a role: successfully\", function () {",
													"    pm.response.to.have.status(200);",
													"});"
												],
												"type": "text/javascript"
											}
										},
										{
											"listen": "prerequest",
											"script": {
												"exec": [
													""
												],
												"type": "text/javascript"
											}
										}
									],
									"protocolProfileBehavior": {
										"disableBodyPruning": true
									},
									"request": {
										"auth": {
											"type": "bearer",
											"bearer": [
												{
													"key": "token",
													"value": "{{api/access_token}}",
													"type": "string"
												}
											]
										},
										"method": "GET",
										"header": [],
										"body": {
											"mode": "raw",
											"raw": "",
											"options": {
												"raw": {
													"language": "json"
												}
											}
										},
										"url": {
											"raw": "{{protocol}}://{{dev-url}}/1.0/{{roles-end-point}}/admin",
											"protocol": "{{protocol}}",
											"host": [
												"{{dev-url}}"
											],
											"path": [
												"1.0",
												"{{roles-end-point}}",
												"admin"
											]
										}
									},
									"response": []
								}
							]
						},
						{
							"name": "profiles",
							"item": [
								{
									"name": "get user profile",
									"event": [
										{
											"listen": "test",
											"script": {
												"exec": [
													"pm.test(\"Get user profile: successfully\", function () {",
													"    pm.response.to.have.status(200);",
													"});",
													"pm.test(\"The response contains a 'full name' field\", function () {",
													"    pm.expect(pm.response.text()).to.include(\"fullName\");",
													"});",
													"pm.test(\"The response contains a 'photos' field\", function () {",
													"    pm.expect(pm.response.text()).to.include(\"photos\");",
													"});",
													"pm.test(\"The response contains a 'contacts' field\", function () {",
													"    pm.expect(pm.response.text()).to.include(\"contacts\");",
													"});"
												],
												"type": "text/javascript"
											}
										}
									],
									"request": {
										"auth": {
											"type": "bearer",
											"bearer": [
												{
													"key": "token",
													"value": "{{api/access_token}}",
													"type": "string"
												}
											]
										},
										"method": "GET",
										"header": [],
										"url": {
											"raw": "{{protocol}}://{{dev-url}}/1.0/{{profiles-end-point}}/1",
											"protocol": "{{protocol}}",
											"host": [
												"{{dev-url}}"
											],
											"path": [
												"1.0",
												"{{profiles-end-point}}",
												"1"
											]
										}
									},
									"response": []
								},
								{
									"name": "change user profile",
									"event": [
										{
											"listen": "prerequest",
											"script": {
												"exec": [
													"pm.collectionVariables.set(\"api/change-user-profile/full-name\", \"Volan-de-Mort\");",
													"pm.collectionVariables.set(\"api/change-user-profile/about-me\", \"I am lord Volan-de-Mort. I am the best wizard\");",
													"pm.collectionVariables.set(\"api/change-user-profile/looking-for-a-job\", true);",
													"pm.collectionVariables.set(\"api/change-user-profile/looking-for-a-job-description\", \"I want to be super star\");",
													"pm.collectionVariables.set(\"api/change-user-profile/facebook\", \"magic.facebook.com\");",
													"pm.collectionVariables.set(\"api/change-user-profile/website\", \"magic.website.com\");",
													"pm.collectionVariables.set(\"api/change-user-profile/twitter\", \"magic.twitter.com\");",
													"pm.collectionVariables.set(\"api/change-user-profile/instagram\", \"magic.instagram.com\");",
													"pm.collectionVariables.set(\"api/change-user-profile/youtube\", \"magic.youtube.com\");",
													"pm.collectionVariables.set(\"api/change-user-profile/github\", \"magic.github.com\");",
													"pm.collectionVariables.set(\"api/change-user-profile/vk\", \"magic.vk.com\");",
													"pm.collectionVariables.set(\"api/change-user-profile/main-link\", \"magic.main-link.com\");",
													""
												],
												"type": "text/javascript"
											}
										},
										{
											"listen": "test",
											"script": {
												"exec": [
													"pm.test(\"Change user profile: successfully\", function () {",
													"    pm.response.to.have.status(200);",
													"});",
													"pm.test(\"Request 'full name' value equils response value\", function () {",
													"    var jsonData = pm.response.json();",
													"    const requestValue = pm.collectionVariables.get(\"api/change-user-profile/full-name\");",
													"    pm.expect(jsonData.fullName).to.eql(requestValue);",
													"});",
													"pm.test(\"Request 'about me' value equils response value\", function () {",
													"    var jsonData = pm.response.json();",
													"    const requestValue = pm.collectionVariables.get(\"api/change-user-profile/about-me\");",
													"    pm.expect(jsonData.aboutMe).to.eql(requestValue);",
													"});",
													"pm.test(\"Request 'looking for a job' value equils response value\", function () {",
													"    var jsonData = pm.response.json();",
													"    const requestValue = pm.collectionVariables.get(\"api/change-user-profile/looking-for-a-job\");",
													"    pm.expect(jsonData.lookingForAJob).to.eql(requestValue);",
													"});",
													"pm.test(\"Request 'looking for a job description' value equils response value\", function () {",
													"    var jsonData = pm.response.json();",
													"    const requestValue = pm.collectionVariables.get(\"api/change-user-profile/looking-for-a-job-description\");",
													"    pm.expect(jsonData.lookingForAJobDescription).to.eql(requestValue);",
													"});",
													"pm.test(\"Request 'facebook contact' value equils response value\", function () {",
													"    var jsonData = pm.response.json();",
													"    const requestValue = pm.collectionVariables.get(\"api/change-user-profile/facebook\");",
													"    pm.expect(jsonData.contacts.facebook).to.eql(requestValue);",
													"});",
													"pm.test(\"Request 'website contact' value equils response value\", function () {",
													"    var jsonData = pm.response.json();",
													"    const requestValue = pm.collectionVariables.get(\"api/change-user-profile/website\");",
													"    pm.expect(jsonData.contacts.website).to.eql(requestValue);",
													"});",
													"pm.test(\"Request 'twitter contact' value equils response value\", function () {",
													"    var jsonData = pm.response.json();",
													"    const requestValue = pm.collectionVariables.get(\"api/change-user-profile/twitter\");",
													"    pm.expect(jsonData.contacts.twitter).to.eql(requestValue);",
													"});",
													"pm.test(\"Request 'instagram contact' value equils response value\", function () {",
													"    var jsonData = pm.response.json();",
													"    const requestValue = pm.collectionVariables.get(\"api/change-user-profile/instagram\");",
													"    pm.expect(jsonData.contacts.instagram).to.eql(requestValue);",
													"});",
													"pm.test(\"Request 'youtube contact' value equils response value\", function () {",
													"    var jsonData = pm.response.json();",
													"    const requestValue = pm.collectionVariables.get(\"api/change-user-profile/youtube\");",
													"    pm.expect(jsonData.contacts.youtube).to.eql(requestValue);",
													"});",
													"pm.test(\"Request 'github contact' value equils response value\", function () {",
													"    var jsonData = pm.response.json();",
													"    const requestValue = pm.collectionVariables.get(\"api/change-user-profile/github\");",
													"    pm.expect(jsonData.contacts.github).to.eql(requestValue);",
													"});",
													"pm.test(\"Request 'vk contact' value equils response value\", function () {",
													"    var jsonData = pm.response.json();",
													"    const requestValue = pm.collectionVariables.get(\"api/change-user-profile/vk\");",
													"    pm.expect(jsonData.contacts.vk).to.eql(requestValue);",
													"});",
													"pm.test(\"Request 'main link contact' value equils response value\", function () {",
													"    var jsonData = pm.response.json();",
													"    const requestValue = pm.collectionVariables.get(\"api/change-user-profile/main-link\");",
													"    pm.expect(jsonData.contacts.mainLink).to.eql(requestValue);",
													"});",
													"pm.collectionVariables.unset(\"api/change-user-profile/full-name\");",
													"pm.collectionVariables.unset(\"api/change-user-profile/about-me\");",
													"pm.collectionVariables.unset(\"api/change-user-profile/looking-for-a-job\");",
													"pm.collectionVariables.unset(\"api/change-user-profile/looking-for-a-job-description\");",
													"pm.collectionVariables.unset(\"api/change-user-profile/facebook\");",
													"pm.collectionVariables.unset(\"api/change-user-profile/website\");",
													"pm.collectionVariables.unset(\"api/change-user-profile/twitter\");",
													"pm.collectionVariables.unset(\"api/change-user-profile/instagram\");",
													"pm.collectionVariables.unset(\"api/change-user-profile/youtube\");",
													"pm.collectionVariables.unset(\"api/change-user-profile/github\");",
													"pm.collectionVariables.unset(\"api/change-user-profile/vk\");",
													"pm.collectionVariables.unset(\"api/change-user-profile/main-link\");"
												],
												"type": "text/javascript"
											}
										}
									],
									"request": {
										"auth": {
											"type": "bearer",
											"bearer": [
												{
													"key": "token",
													"value": "{{api/access_token}}",
													"type": "string"
												}
											]
										},
										"method": "PUT",
										"header": [],
										"body": {
											"mode": "raw",
											"raw": "{\n    \"fullName\": \"{{api/change-user-profile/full-name}}\",\n    \"aboutMe\": \"{{api/change-user-profile/about-me}}\",\n    \"lookingForAJob\": {{api/change-user-profile/looking-for-a-job}},\n    \"lookingForAJobDescription\": \"{{api/change-user-profile/looking-for-a-job-description}}\",\n    \"contacts\": {\n        \"facebook\": \"{{api/change-user-profile/facebook}}\",\n        \"website\": \"{{api/change-user-profile/website}}\",\n        \"twitter\": \"{{api/change-user-profile/twitter}}\",\n        \"instagram\": \"{{api/change-user-profile/instagram}}\",\n        \"youtube\": \"{{api/change-user-profile/youtube}}\",\n        \"github\": \"{{api/change-user-profile/github}}\",\n        \"vk\": \"{{api/change-user-profile/vk}}\",\n        \"mainLink\": \"{{api/change-user-profile/main-link}}\"\n    }\n}",
											"options": {
												"raw": {
													"language": "json"
												}
											}
										},
										"url": {
											"raw": "{{protocol}}://{{dev-url}}/1.0/{{profiles-end-point}}",
											"protocol": "{{protocol}}",
											"host": [
												"{{dev-url}}"
											],
											"path": [
												"1.0",
												"{{profiles-end-point}}"
											]
										}
									},
									"response": []
								},
								{
									"name": "change user profile photo",
									"event": [
										{
											"listen": "test",
											"script": {
												"exec": [
													"pm.test(\"Change user profile photo: successfully\", function () {",
													"    pm.response.to.have.status(200);",
													"});",
													"pm.test(\"The response contains a photos field\", function () {",
													"    pm.expect(pm.response.text()).to.include(\"photos\");",
													"});",
													"pm.test(\"The response contains a 'small' field\", function () {",
													"    pm.expect(pm.response.text()).to.include(\"small\");",
													"});",
													"pm.test(\"The response contains a 'large' field\", function () {",
													"    pm.expect(pm.response.text()).to.include(\"large\");",
													"});"
												],
												"type": "text/javascript"
											}
										}
									],
									"request": {
										"auth": {
											"type": "bearer",
											"bearer": [
												{
													"key": "token",
													"value": "{{api/access_token}}",
													"type": "string"
												}
											]
										},
										"method": "PUT",
										"header": [],
										"body": {
											"mode": "formdata",
											"formdata": [
												{
													"key": "image",
													"type": "file",
													"src": "/home/alexevs/Изображения/sowa.jpg"
												}
											]
										},
										"url": {
											"raw": "{{protocol}}://{{dev-url}}/1.0/{{profiles-end-point}}/photo",
											"protocol": "{{protocol}}",
											"host": [
												"{{dev-url}}"
											],
											"path": [
												"1.0",
												"{{profiles-end-point}}",
												"photo"
											]
										}
									},
									"response": []
								}
							]
						},
						{
							"name": "followers",
							"item": [
								{
									"name": "follow user",
									"event": [
										{
											"listen": "test",
											"script": {
												"exec": [
													"pm.test(\"Follow user: successfully\", function () {",
													"    pm.response.to.have.status(201);",
													"});",
													"pm.test(\"The response contains an boolean\", function () {",
													"    pm.expect(pm.response.text()).to.include(true);",
													"});"
												],
												"type": "text/javascript"
											}
										},
										{
											"listen": "prerequest",
											"script": {
												"exec": [
													""
												],
												"type": "text/javascript"
											}
										}
									],
									"request": {
										"auth": {
											"type": "bearer",
											"bearer": [
												{
													"key": "token",
													"value": "{{api/access_token}}",
													"type": "string"
												}
											]
										},
										"method": "POST",
										"header": [],
										"url": {
											"raw": "{{protocol}}://{{dev-url}}/1.0/{{followers-end-point}}/2",
											"protocol": "{{protocol}}",
											"host": [
												"{{dev-url}}"
											],
											"path": [
												"1.0",
												"{{followers-end-point}}",
												"2"
											]
										}
									},
									"response": []
								},
								{
									"name": "unfollow user",
									"event": [
										{
											"listen": "test",
											"script": {
												"exec": [
													"pm.test(\"Unfollow user: successfully\", function () {",
													"    pm.response.to.have.status(200);",
													"});",
													"pm.test(\"The response contains an boolean\", function () {",
													"    pm.expect(pm.response.text()).to.include(true);",
													"});"
												],
												"type": "text/javascript"
											}
										}
									],
									"request": {
										"auth": {
											"type": "bearer",
											"bearer": [
												{
													"key": "token",
													"value": "{{api/access_token}}",
													"type": "string"
												}
											]
										},
										"method": "DELETE",
										"header": [],
										"url": {
											"raw": "{{protocol}}://{{dev-url}}/1.0/{{followers-end-point}}/2",
											"protocol": "{{protocol}}",
											"host": [
												"{{dev-url}}"
											],
											"path": [
												"1.0",
												"{{followers-end-point}}",
												"2"
											]
										}
									},
									"response": []
								}
							]
						},
						{
							"name": "auth",
							"item": [
								{
									"name": "registration",
									"event": [
										{
											"listen": "test",
											"script": {
												"exec": [
													"pm.test(\"Registration: successfully\", function () {",
													"    pm.response.to.have.status(201);",
													"});",
													"pm.test(\"The response contains an access token\", function () {",
													"    pm.expect(pm.response.text()).to.include(\"access_token\");",
													"});",
													"pm.test(\"Cookie refresh_token is present\", () => {",
													"  pm.expect(pm.cookies.has('refresh_token')).to.be.true;",
													"});",
													"pm.test(\"Set access token variable from response\", () => {",
													"    var jsonData = pm.response.json();",
													"    pm.collectionVariables.set(\"api/access_token\", jsonData.data.access_token);",
													"});",
													"pm.test(\"Set current user id variable from response\", () => {",
													"    var jsonData = pm.response.json();",
													"    pm.collectionVariables.set(\"api/current_user_id\", jsonData.data.userId);",
													"});"
												],
												"type": "text/javascript"
											}
										},
										{
											"listen": "prerequest",
											"script": {
												"exec": [
													""
												],
												"type": "text/javascript"
											}
										}
									],
									"request": {
										"method": "POST",
										"header": [],
										"body": {
											"mode": "raw",
											"raw": "{\n    \"email\": \"user31@yandex.ru\",\n    \"password\": \"0000\"\n}",
											"options": {
												"raw": {
													"language": "json"
												}
											}
										},
										"url": {
											"raw": "{{protocol}}://{{dev-url}}/1.0/{{auth-end-point}}/registration",
											"protocol": "{{protocol}}",
											"host": [
												"{{dev-url}}"
											],
											"path": [
												"1.0",
												"{{auth-end-point}}",
												"registration"
											]
										}
									},
									"response": []
								},
								{
									"name": "login",
									"event": [
										{
											"listen": "test",
											"script": {
												"exec": [
													"pm.test(\"Authorization: successfully\", function () {",
													"    pm.response.to.have.status(201);",
													"});",
													"pm.test(\"The response contains an access token\", function () {",
													"    pm.expect(pm.response.text()).to.include(\"access_token\");",
													"});",
													"pm.test(\"Cookie refresh_token is present\", () => {",
													"  pm.expect(pm.cookies.has('refresh_token')).to.be.true;",
													"});",
													"pm.test(\"Set access token variable from response\", () => {",
													"    var jsonData = pm.response.json();",
													"    pm.collectionVariables.set(\"api/access_token\", jsonData.data.access_token);",
													"});",
													"pm.test(\"Set current user id variable from response\", () => {",
													"    var jsonData = pm.response.json();",
													"    pm.collectionVariables.set(\"api/current_user_id\", jsonData.data.userId);",
													"});"
												],
												"type": "text/javascript"
											}
										}
									],
									"request": {
										"auth": {
											"type": "noauth"
										},
										"method": "POST",
										"header": [],
										"body": {
											"mode": "raw",
											"raw": "{\n    \"email\": \"user1@yandex.ru\",\n    \"password\": \"user1\"\n}",
											"options": {
												"raw": {
													"language": "json"
												}
											}
										},
										"url": {
											"raw": "{{protocol}}://{{dev-url}}/1.0/{{auth-end-point}}/login",
											"protocol": "{{protocol}}",
											"host": [
												"{{dev-url}}"
											],
											"path": [
												"1.0",
												"{{auth-end-point}}",
												"login"
											]
										}
									},
									"response": []
								},
								{
									"name": "refresh access token",
									"event": [
										{
											"listen": "test",
											"script": {
												"exec": [
													"pm.test(\"Refresh access token: successfully\", function () {",
													"    pm.response.to.have.status(201);",
													"});",
													"pm.test(\"The response contains an access token\", function () {",
													"    pm.expect(pm.response.text()).to.include(\"access_token\");",
													"});",
													"pm.test(\"Cookie refresh_token is present\", () => {",
													"  pm.expect(pm.cookies.has('refresh_token')).to.be.true;",
													"});",
													"pm.test(\"Set access token variable from response\", () => {",
													"    var jsonData = pm.response.json();",
													"    pm.collectionVariables.set(\"api/access_token\", jsonData.data.access_token);",
													"});",
													"pm.test(\"Reqistered user id equils response user id\", function () {",
													"    var jsonData = pm.response.json();",
													"    const registeredUserId = pm.collectionVariables.get(\"api/current_user_id\");",
													"    pm.expect(jsonData.data.userId).to.eql(registeredUserId);",
													"});"
												],
												"type": "text/javascript"
											}
										}
									],
									"request": {
										"auth": {
											"type": "bearer",
											"bearer": [
												{
													"key": "token",
													"value": "{{api/access_token}}",
													"type": "string"
												}
											]
										},
										"method": "POST",
										"header": [],
										"url": {
											"raw": "{{protocol}}://{{dev-url}}/1.0/{{auth-end-point}}/refresh",
											"protocol": "{{protocol}}",
											"host": [
												"{{dev-url}}"
											],
											"path": [
												"1.0",
												"{{auth-end-point}}",
												"refresh"
											]
										}
									},
									"response": []
								},
								{
									"name": "get current user",
									"event": [
										{
											"listen": "test",
											"script": {
												"exec": [
													"pm.test(\"Get current user: successfully\", function () {",
													"    pm.response.to.have.status(200);",
													"});",
													"pm.test(\"The response contains an ID\", function () {",
													"    pm.expect(pm.response.text()).to.include(\"id\");",
													"});",
													"pm.test(\"Authorized user id equils response user id\", function () {",
													"    var jsonData = pm.response.json();",
													"    const registeredUserId = pm.collectionVariables.get(\"api/current_user_id\");",
													"    pm.expect(jsonData.data.id).to.eql(registeredUserId);",
													"});"
												],
												"type": "text/javascript"
											}
										}
									],
									"request": {
										"auth": {
											"type": "bearer",
											"bearer": [
												{
													"key": "token",
													"value": "{{api/access_token}}",
													"type": "string"
												}
											]
										},
										"method": "GET",
										"header": [],
										"url": {
											"raw": "{{protocol}}://{{dev-url}}/1.0/{{auth-end-point}}/me",
											"protocol": "{{protocol}}",
											"host": [
												"{{dev-url}}"
											],
											"path": [
												"1.0",
												"{{auth-end-point}}",
												"me"
											]
										}
									},
									"response": []
								},
								{
									"name": "logout",
									"event": [
										{
											"listen": "test",
											"script": {
												"exec": [
													"pm.test(\"Log out: successfully\", function () {",
													"    pm.response.to.have.status(200);",
													"});",
													"pm.test(\"The response contains an boolean\", function () {",
													"    pm.expect(pm.response.text()).to.include(true);",
													"});",
													"pm.test(\"Cookie refresh_token isn't present\", () => {",
													"  pm.expect(pm.cookies.has('refresh_token')).to.be.false;",
													"});",
													"pm.collectionVariables.unset(\"api/access_token\");",
													"pm.collectionVariables.unset(\"api/current_user_id\");"
												],
												"type": "text/javascript"
											}
										}
									],
									"request": {
										"auth": {
											"type": "bearer",
											"bearer": [
												{
													"key": "token",
													"value": "{{api/access_token}}",
													"type": "string"
												}
											]
										},
										"method": "DELETE",
										"header": [],
										"url": {
											"raw": "{{protocol}}://{{dev-url}}/1.0/{{auth-end-point}}/logout",
											"protocol": "{{protocol}}",
											"host": [
												"{{dev-url}}"
											],
											"path": [
												"1.0",
												"{{auth-end-point}}",
												"logout"
											]
										}
									},
									"response": []
								}
							]
						},
						{
							"name": "security",
							"item": [
								{
									"name": "get captcha URL",
									"event": [
										{
											"listen": "test",
											"script": {
												"exec": [
													"pm.test(\"Get Captcha URL: successfully\", function () {",
													"    pm.response.to.have.status(200);",
													"});",
													"pm.test(\"The response contains an 'captchaURL' field\", function () {",
													"    pm.expect(pm.response.text()).to.include(\"captchaURL\");",
													"});"
												],
												"type": "text/javascript"
											}
										}
									],
									"request": {
										"auth": {
											"type": "noauth"
										},
										"method": "GET",
										"header": [],
										"url": {
											"raw": "{{protocol}}://{{dev-url}}/1.0/{{security-end-point}}/get-captcha-url",
											"protocol": "{{protocol}}",
											"host": [
												"{{dev-url}}"
											],
											"path": [
												"1.0",
												"{{security-end-point}}",
												"get-captcha-url"
											]
										}
									},
									"response": []
								}
							]
						},
						{
							"name": "posts",
							"item": [
								{
									"name": "create a post",
									"event": [
										{
											"listen": "test",
											"script": {
												"exec": [
													"pm.test(\"Create post: successfully\", function () {",
													"    pm.response.to.have.status(201);",
													"});",
													"pm.test(\"Request title equils response title\", function () {",
													"    var jsonData = pm.response.json();",
													"    const requestValue = pm.collectionVariables.get(\"api/create-post/title\");",
													"    pm.expect(jsonData.title).to.eql(requestValue);",
													"});",
													"",
													"pm.test(\"Request content equils response content\", function () {",
													"    var jsonData = pm.response.json();",
													"    const requestValue = pm.collectionVariables.get(\"api/create-post/content\");",
													"    pm.expect(jsonData.content).to.eql(requestValue);",
													"});",
													"pm.collectionVariables.unset(\"api/create-post/title\");",
													"pm.collectionVariables.unset(\"api/create-post/content\");"
												],
												"type": "text/javascript"
											}
										},
										{
											"listen": "prerequest",
											"script": {
												"exec": [
													"pm.collectionVariables.set(\"api/create-post/title\", \"test title\");",
													"pm.collectionVariables.set(\"api/create-post/content\", \"test content\");"
												],
												"type": "text/javascript"
											}
										}
									],
									"request": {
										"auth": {
											"type": "bearer",
											"bearer": [
												{
													"key": "token",
													"value": "{{api/access_token}}",
													"type": "string"
												}
											]
										},
										"method": "POST",
										"header": [],
										"body": {
											"mode": "formdata",
											"formdata": [
												{
													"key": "title",
													"value": "{{api/create-post/title}}",
													"type": "text"
												},
												{
													"key": "content",
													"value": "{{api/create-post/content}}",
													"type": "text"
												},
												{
													"key": "image",
													"type": "file",
													"src": "/home/alexevs/Изображения/sowa.jpg"
												}
											]
										},
										"url": {
											"raw": "{{protocol}}://{{dev-url}}/1.0/{{posts-end-point}}",
											"protocol": "{{protocol}}",
											"host": [
												"{{dev-url}}"
											],
											"path": [
												"1.0",
												"{{posts-end-point}}"
											]
										}
									},
									"response": []
								}
							]
						}
					]
				},
				{
					"name": "test-collection-1",
					"item": [
						{
							"name": "register user1",
							"event": [
								{
									"listen": "test",
									"script": {
										"exec": [
											"pm.test(\"Registration: successfully\", function () {",
											"    pm.response.to.have.status(201);",
											"});",
											"pm.test(\"The response contains an access token\", function () {",
											"    pm.expect(pm.response.text()).to.include(\"access_token\");",
											"});",
											"pm.test(\"Save user 1 id\", function () {",
											"    var jsonData = pm.response.json();",
											"    pm.collectionVariables.set(\"test-collection1/user1_id\", jsonData.data.userId);",
											"});",
											"pm.test(\"Cookie refresh_token is present\", () => {",
											"  pm.expect(pm.cookies.has('refresh_token')).to.be.true;",
											"});",
											"pm.test(\"Set access token variable from response\", () => {",
											"    var jsonData = pm.response.json();",
											"    pm.collectionVariables.set(\"test-collection1/access_token\", jsonData.data.access_token);",
											"});"
										],
										"type": "text/javascript"
									}
								},
								{
									"listen": "prerequest",
									"script": {
										"exec": [
											"pm.collectionVariables.set(\"test-collection1/user1_email\", \"user1@yandex.ru\");",
											"pm.collectionVariables.set(\"test-collection1/user1_password\", \"user1\");"
										],
										"type": "text/javascript"
									}
								}
							],
							"request": {
								"method": "POST",
								"header": [],
								"body": {
									"mode": "raw",
									"raw": "{\n    \"email\": \"{{test-collection1/user1_email}}\",\n    \"password\": \"{{test-collection1/user1_password}}\"\n}",
									"options": {
										"raw": {
											"language": "json"
										}
									}
								},
								"url": {
									"raw": "{{protocol}}://{{dev-url}}/1.0/{{auth-end-point}}/registration",
									"protocol": "{{protocol}}",
									"host": [
										"{{dev-url}}"
									],
									"path": [
										"1.0",
										"{{auth-end-point}}",
										"registration"
									]
								}
							},
							"response": []
						},
						{
							"name": "register user2",
							"event": [
								{
									"listen": "test",
									"script": {
										"exec": [
											"pm.test(\"Registration: successfully\", function () {",
											"    pm.response.to.have.status(201);",
											"});",
											"pm.test(\"The response contains an access token\", function () {",
											"    pm.expect(pm.response.text()).to.include(\"access_token\");",
											"});",
											"pm.test(\"Save user 2 id\", function () {",
											"    var jsonData = pm.response.json();",
											"    pm.collectionVariables.set(\"test-collection1/user2_id\", jsonData.data.userId);",
											"});",
											"pm.test(\"Cookie refresh_token is present\", () => {",
											"  pm.expect(pm.cookies.has('refresh_token')).to.be.true;",
											"});",
											"pm.test(\"Set access token variable from response\", () => {",
											"    var jsonData = pm.response.json();",
											"    pm.collectionVariables.set(\"test-collection1/access_token\", jsonData.data.access_token);",
											"});",
											"pm.collectionVariables.unset(\"test-collection1/user2_email\");",
											"pm.collectionVariables.unset(\"test-collection1/user2_password\");"
										],
										"type": "text/javascript"
									}
								},
								{
									"listen": "prerequest",
									"script": {
										"exec": [
											"pm.collectionVariables.set(\"test-collection1/user2_email\", \"user@yandex.ru\");",
											"pm.collectionVariables.set(\"test-collection1/user2_password\", \"user\");"
										],
										"type": "text/javascript"
									}
								}
							],
							"request": {
								"method": "POST",
								"header": [],
								"body": {
									"mode": "raw",
									"raw": "{\n    \"email\": \"{{test-collection1/user2_email}}\",\n    \"password\": \"{{test-collection1/user2_password}}\"\n}",
									"options": {
										"raw": {
											"language": "json"
										}
									}
								},
								"url": {
									"raw": "{{protocol}}://{{dev-url}}/1.0/{{auth-end-point}}/registration",
									"protocol": "{{protocol}}",
									"host": [
										"{{dev-url}}"
									],
									"path": [
										"1.0",
										"{{auth-end-point}}",
										"registration"
									]
								}
							},
							"response": []
						},
						{
							"name": "login as user1",
							"event": [
								{
									"listen": "test",
									"script": {
										"exec": [
											"pm.test(\"Authorization: successfully\", function () {",
											"    pm.response.to.have.status(201);",
											"});",
											"pm.test(\"The response contains an access token\", function () {",
											"    pm.expect(pm.response.text()).to.include(\"access_token\");",
											"});",
											"pm.test(\"Cookie refresh_token is present\", () => {",
											"  pm.expect(pm.cookies.has('refresh_token')).to.be.true;",
											"});",
											"pm.test(\"Set access token variable from response\", () => {",
											"    var jsonData = pm.response.json();",
											"    pm.collectionVariables.set(\"test-collection1/access_token\", jsonData.data.access_token);",
											"});",
											"pm.collectionVariables.unset(\"test-collection1/user1_email\");",
											"pm.collectionVariables.unset(\"test-collection1/user1_password\");"
										],
										"type": "text/javascript"
									}
								}
							],
							"request": {
								"auth": {
									"type": "noauth"
								},
								"method": "POST",
								"header": [],
								"body": {
									"mode": "raw",
									"raw": "{\n    \"email\": \"{{test-collection1/user1_email}}\",\n    \"password\": \"{{test-collection1/user1_password}}\"\n}",
									"options": {
										"raw": {
											"language": "json"
										}
									}
								},
								"url": {
									"raw": "{{protocol}}://{{dev-url}}/1.0/{{auth-end-point}}/login",
									"protocol": "{{protocol}}",
									"host": [
										"{{dev-url}}"
									],
									"path": [
										"1.0",
										"{{auth-end-point}}",
										"login"
									]
								}
							},
							"response": []
						},
						{
							"name": "get captcha URL",
							"event": [
								{
									"listen": "test",
									"script": {
										"exec": [
											"pm.test(\"Get Captcha URL: successfully\", function () {",
											"    pm.response.to.have.status(200);",
											"});",
											"pm.test(\"The response contains an captchaURL\", function () {",
											"    pm.expect(pm.response.text()).to.include(\"captchaURL\");",
											"});"
										],
										"type": "text/javascript"
									}
								}
							],
							"request": {
								"auth": {
									"type": "bearer",
									"bearer": [
										{
											"key": "token",
											"value": "eyJhbGciOiJIUzI1NiIsInR5cCI6IkpXVCJ9.eyJlbWFpbCI6InNhdGFuQHlhbmRleC5ydSIsImlkIjoxLCJpYXQiOjE2NTAxMzIyNzcsImV4cCI6MTY1MDEzMjg3NywiYXVkIjoiaHR0cHM6Ly9zb3dhLWFwaS5jb20iLCJpc3MiOiJodHRwczovL3Nvd2EtYXBpLmNvbSIsInN1YiI6IjEifQ.SsssFQ7nD_OAMatc4G1SBfPtlQiCkTcFqq1mA3eSMJQ",
											"type": "string"
										}
									]
								},
								"method": "GET",
								"header": [],
								"url": {
									"raw": "{{protocol}}://{{dev-url}}/1.0/{{security-end-point}}/get-captcha-url",
									"protocol": "{{protocol}}",
									"host": [
										"{{dev-url}}"
									],
									"path": [
										"1.0",
										"{{security-end-point}}",
										"get-captcha-url"
									]
								}
							},
							"response": []
						},
						{
							"name": "get current user",
							"event": [
								{
									"listen": "test",
									"script": {
										"exec": [
											"pm.test(\"Get current user: successfully\", function () {",
											"    pm.response.to.have.status(200);",
											"});",
											"pm.test(\"The response contains an ID\", function () {",
											"    pm.expect(pm.response.text()).to.include(\"id\");",
											"});",
											"pm.test(\"Reqistered user id equils response user id\", function () {",
											"    var jsonData = pm.response.json();",
											"    const registeredUserId = pm.collectionVariables.get(\"test-collection1/user1_id\");",
											"    pm.expect(jsonData.data.id).to.eql(registeredUserId);",
											"});"
										],
										"type": "text/javascript"
									}
								}
							],
							"request": {
								"auth": {
									"type": "bearer",
									"bearer": [
										{
											"key": "token",
											"value": "{{test-collection1/access_token}}",
											"type": "string"
										}
									]
								},
								"method": "GET",
								"header": [],
								"url": {
									"raw": "{{protocol}}://{{dev-url}}/1.0/{{auth-end-point}}/me",
									"protocol": "{{protocol}}",
									"host": [
										"{{dev-url}}"
									],
									"path": [
										"1.0",
										"{{auth-end-point}}",
										"me"
									]
								}
							},
							"response": []
						},
						{
							"name": "refresh access token",
							"event": [
								{
									"listen": "test",
									"script": {
										"exec": [
											"pm.test(\"Refresh access token: successfully\", function () {",
											"    pm.response.to.have.status(201);",
											"});",
											"pm.test(\"The response contains an access token\", function () {",
											"    pm.expect(pm.response.text()).to.include(\"access_token\");",
											"});",
											"pm.test(\"Cookie refresh_token is present\", () => {",
											"  pm.expect(pm.cookies.has('refresh_token')).to.be.true;",
											"});",
											"pm.test(\"Set access token variable from response\", () => {",
											"    var jsonData = pm.response.json();",
											"    pm.collectionVariables.set(\"test-collection1/access_token\", jsonData.data.access_token);",
											"});",
											"pm.test(\"Reqistered user id equils response user id\", function () {",
											"    var jsonData = pm.response.json();",
											"    const registeredUserId = pm.collectionVariables.get(\"test-collection1/user1_id\");",
											"    pm.expect(jsonData.data.userId).to.eql(registeredUserId);",
											"});"
										],
										"type": "text/javascript"
									}
								}
							],
							"request": {
								"auth": {
									"type": "bearer",
									"bearer": [
										{
											"key": "token",
											"value": "{{test-collection1/access_token}}",
											"type": "string"
										}
									]
								},
								"method": "POST",
								"header": [],
								"url": {
									"raw": "{{protocol}}://{{dev-url}}/1.0/{{auth-end-point}}/refresh",
									"protocol": "{{protocol}}",
									"host": [
										"{{dev-url}}"
									],
									"path": [
										"1.0",
										"{{auth-end-point}}",
										"refresh"
									]
								}
							},
							"response": []
						},
						{
							"name": "get users",
							"event": [
								{
									"listen": "test",
									"script": {
										"exec": [
											"pm.test(\"Get users: successfully\", function () {",
											"    pm.response.to.have.status(200);",
											"});",
											"pm.test(\"Response users count no more than request users count\", function () {",
											"    var jsonData = pm.response.json();",
											"    const requestUsersCount = pm.collectionVariables.get(\"test-collection1/get-users/count\");",
											"    pm.expect(jsonData.items.length).to.not.greaterThan(requestUsersCount);",
											"});",
											"pm.test(\"The response contains a total count field\", function () {",
											"    pm.expect(pm.response.text()).to.include(\"totalCount\");",
											"});",
											"pm.collectionVariables.unset(\"test-collection1/get-users/page\");",
											"pm.collectionVariables.unset(\"test-collection1/get-users/count\");"
										],
										"type": "text/javascript"
									}
								},
								{
									"listen": "prerequest",
									"script": {
										"exec": [
											"pm.collectionVariables.set(\"test-collection1/get-users/page\", 1);",
											"pm.collectionVariables.set(\"test-collection1/get-users/count\", 20);"
										],
										"type": "text/javascript"
									}
								}
							],
							"request": {
								"auth": {
									"type": "bearer",
									"bearer": [
										{
											"key": "token",
											"value": "{{test-collection1/access_token}}",
											"type": "string"
										}
									]
								},
								"method": "GET",
								"header": [
									{
										"key": "Authorization",
										"value": "eyJhbGciOiJIUzI1NiIsInR5cCI6IkpXVCJ9.eyJlbWFpbCI6InNhdGFuQHlhbmRleC5ydSIsImlkIjoxLCJyb2xlcyI6W10sImlhdCI6MTY0NTE5Mjk4NSwiZXhwIjoxNjQ1MTkzNTg1LCJhdWQiOiJodHRwczovL3Nvd2EtYXBpLmNvbSIsImlzcyI6Imh0dHBzOi8vc293YS1hcGkuY29tIiwic3ViIjoiMSJ9.NEUGFnJtISwmdIHLiySAU4-y3QAwBtx2pabAcPARnLE",
										"type": "text"
									},
									{
										"key": "origin",
										"value": "",
										"type": "text"
									}
								],
								"url": {
									"raw": "{{protocol}}://{{dev-url}}/1.0/{{users-end-point}}?page={{test-collection1/get-users/page}}&count={{test-collection1/get-users/count}}",
									"protocol": "{{protocol}}",
									"host": [
										"{{dev-url}}"
									],
									"path": [
										"1.0",
										"{{users-end-point}}"
									],
									"query": [
										{
											"key": "page",
											"value": "{{test-collection1/get-users/page}}"
										},
										{
											"key": "count",
											"value": "{{test-collection1/get-users/count}}"
										}
									]
								}
							},
							"response": []
						},
						{
							"name": "set user status",
							"event": [
								{
									"listen": "test",
									"script": {
										"exec": [
											"pm.test(\"Set user status: successfully\", function () {",
											"    pm.response.to.have.status(200);",
											"});",
											"pm.test(\"The response contains an boolean\", function () {",
											"    pm.expect(pm.response.text()).to.include(true);",
											"});"
										],
										"type": "text/javascript"
									}
								},
								{
									"listen": "prerequest",
									"script": {
										"exec": [
											"pm.collectionVariables.set(\"test-collection1/set-user-status/user1_status\", \"test status\");"
										],
										"type": "text/javascript"
									}
								}
							],
							"request": {
								"auth": {
									"type": "bearer",
									"bearer": [
										{
											"key": "token",
											"value": "{{test-collection1/access_token}}",
											"type": "string"
										}
									]
								},
								"method": "PUT",
								"header": [],
								"body": {
									"mode": "raw",
									"raw": "{\n    \"status\": \"{{test-collection1/set-user-status/user1_status}}\"\n}",
									"options": {
										"raw": {
											"language": "json"
										}
									}
								},
								"url": {
									"raw": "{{protocol}}://{{dev-url}}/1.0/{{users-end-point}}/status",
									"protocol": "{{protocol}}",
									"host": [
										"{{dev-url}}"
									],
									"path": [
										"1.0",
										"{{users-end-point}}",
										"status"
									]
								}
							},
							"response": []
						},
						{
							"name": "get user status",
							"event": [
								{
									"listen": "test",
									"script": {
										"exec": [
											"pm.test(\"Get user status: successfully\", function () {",
											"    pm.response.to.have.status(200);",
											"});",
											"pm.test(\"Request status equils response status\", function () {",
											"    var jsonData = pm.response.json();",
											"    const requestStatus = pm.collectionVariables.get(\"test-collection1/set-user-status/user1_status\");",
											"    pm.expect(jsonData.status).to.eql(requestStatus);",
											"});",
											"pm.collectionVariables.unset(\"test-collection1/set-user-status/user1_status\");"
										],
										"type": "text/javascript"
									}
								}
							],
							"request": {
								"auth": {
									"type": "bearer",
									"bearer": [
										{
											"key": "token",
											"value": "{{test-collection1/access_token}}",
											"type": "string"
										}
									]
								},
								"method": "GET",
								"header": [],
								"url": {
									"raw": "{{protocol}}://{{dev-url}}/1.0/{{users-end-point}}/status/{{test-collection1/user1_id}}",
									"protocol": "{{protocol}}",
									"host": [
										"{{dev-url}}"
									],
									"path": [
										"1.0",
										"{{users-end-point}}",
										"status",
										"{{test-collection1/user1_id}}"
									]
								}
							},
							"response": []
						},
						{
							"name": "create a post",
							"event": [
								{
									"listen": "test",
									"script": {
										"exec": [
											"pm.test(\"Create post: successfully\", function () {",
											"    pm.response.to.have.status(201);",
											"});",
											"pm.test(\"Request title equils response title\", function () {",
											"    var jsonData = pm.response.json();",
											"    const requestValue = pm.collectionVariables.get(\"test-collection1/create-post/title\");",
											"    pm.expect(jsonData.title).to.eql(requestValue);",
											"});",
											"pm.test(\"Request content equils response content\", function () {",
											"    var jsonData = pm.response.json();",
											"    const requestValue = pm.collectionVariables.get(\"test-collection1/create-post/content\");",
											"    pm.expect(jsonData.content).to.eql(requestValue);",
											"});",
											"pm.collectionVariables.unset(\"test-collection1/create-post/title\");",
											"pm.collectionVariables.unset(\"test-collection1/create-post/content\");"
										],
										"type": "text/javascript"
									}
								},
								{
									"listen": "prerequest",
									"script": {
										"exec": [
											"pm.collectionVariables.set(\"test-collection1/create-post/title\", \"test title\");",
											"pm.collectionVariables.set(\"test-collection1/create-post/content\", \"test content\");"
										],
										"type": "text/javascript"
									}
								}
							],
							"request": {
								"auth": {
									"type": "bearer",
									"bearer": [
										{
											"key": "token",
											"value": "{{test-collection1/access_token}}",
											"type": "string"
										}
									]
								},
								"method": "POST",
								"header": [],
								"body": {
									"mode": "formdata",
									"formdata": [
										{
											"key": "title",
											"value": "{{test-collection1/create-post/title}}",
											"type": "text"
										},
										{
											"key": "content",
											"value": "{{test-collection1/create-post/content}}",
											"type": "text"
										},
										{
											"key": "image",
											"type": "file",
											"src": "/home/alexevs/Изображения/sowa.jpg"
										}
									]
								},
								"url": {
									"raw": "{{protocol}}://{{dev-url}}/1.0/{{posts-end-point}}",
									"protocol": "{{protocol}}",
									"host": [
										"{{dev-url}}"
									],
									"path": [
										"1.0",
										"{{posts-end-point}}"
									]
								}
							},
							"response": []
						},
						{
							"name": "change user profile",
							"event": [
								{
									"listen": "prerequest",
									"script": {
										"exec": [
											"pm.collectionVariables.set(\"test-collection1/change-user-profile/full-name\", \"Volan-de-Mort\");",
											"pm.collectionVariables.set(\"test-collection1/change-user-profile/about-me\", \"I am lord Volan-de-Mort. I am the best wizard\");",
											"pm.collectionVariables.set(\"test-collection1/change-user-profile/looking-for-a-job\", true);",
											"pm.collectionVariables.set(\"test-collection1/change-user-profile/looking-for-a-job-description\", \"I want to be super star\");",
											"pm.collectionVariables.set(\"test-collection1/change-user-profile/facebook\", \"magic.facebook.com\");",
											"pm.collectionVariables.set(\"test-collection1/change-user-profile/website\", \"magic.website.com\");",
											"pm.collectionVariables.set(\"test-collection1/change-user-profile/twitter\", \"magic.twitter.com\");",
											"pm.collectionVariables.set(\"test-collection1/change-user-profile/instagram\", \"magic.instagram.com\");",
											"pm.collectionVariables.set(\"test-collection1/change-user-profile/youtube\", \"magic.youtube.com\");",
											"pm.collectionVariables.set(\"test-collection1/change-user-profile/github\", \"magic.github.com\");",
											"pm.collectionVariables.set(\"test-collection1/change-user-profile/vk\", \"magic.vk.com\");",
											"pm.collectionVariables.set(\"test-collection1/change-user-profile/main-link\", \"magic.main-link.com\");",
											""
										],
										"type": "text/javascript"
									}
								},
								{
									"listen": "test",
									"script": {
										"exec": [
											"pm.test(\"Change user profile: successfully\", function () {",
											"    pm.response.to.have.status(200);",
											"});",
											"pm.test(\"Request 'full name' value equils response value\", function () {",
											"    var jsonData = pm.response.json();",
											"    const requestValue = pm.collectionVariables.get(\"test-collection1/change-user-profile/full-name\");",
											"    pm.expect(jsonData.fullName).to.eql(requestValue);",
											"});",
											"pm.test(\"Request 'about me' value equils response value\", function () {",
											"    var jsonData = pm.response.json();",
											"    const requestValue = pm.collectionVariables.get(\"test-collection1/change-user-profile/about-me\");",
											"    pm.expect(jsonData.aboutMe).to.eql(requestValue);",
											"});",
											"pm.test(\"Request 'looking for a job' value equils response value\", function () {",
											"    var jsonData = pm.response.json();",
											"    const requestValue = pm.collectionVariables.get(\"test-collection1/change-user-profile/looking-for-a-job\");",
											"    pm.expect(jsonData.lookingForAJob).to.eql(requestValue);",
											"});",
											"pm.test(\"Request 'looking for a job description' value equils response value\", function () {",
											"    var jsonData = pm.response.json();",
											"    const requestValue = pm.collectionVariables.get(\"test-collection1/change-user-profile/looking-for-a-job-description\");",
											"    pm.expect(jsonData.lookingForAJobDescription).to.eql(requestValue);",
											"});",
											"pm.test(\"Request 'facebook contact' value equils response value\", function () {",
											"    var jsonData = pm.response.json();",
											"    const requestValue = pm.collectionVariables.get(\"test-collection1/change-user-profile/facebook\");",
											"    pm.expect(jsonData.contacts.facebook).to.eql(requestValue);",
											"});",
											"pm.test(\"Request 'website contact' value equils response value\", function () {",
											"    var jsonData = pm.response.json();",
											"    const requestValue = pm.collectionVariables.get(\"test-collection1/change-user-profile/website\");",
											"    pm.expect(jsonData.contacts.website).to.eql(requestValue);",
											"});",
											"pm.test(\"Request 'twitter contact' value equils response value\", function () {",
											"    var jsonData = pm.response.json();",
											"    const requestValue = pm.collectionVariables.get(\"test-collection1/change-user-profile/twitter\");",
											"    pm.expect(jsonData.contacts.twitter).to.eql(requestValue);",
											"});",
											"pm.test(\"Request 'instagram contact' value equils response value\", function () {",
											"    var jsonData = pm.response.json();",
											"    const requestValue = pm.collectionVariables.get(\"test-collection1/change-user-profile/instagram\");",
											"    pm.expect(jsonData.contacts.instagram).to.eql(requestValue);",
											"});",
											"pm.test(\"Request 'youtube contact' value equils response value\", function () {",
											"    var jsonData = pm.response.json();",
											"    const requestValue = pm.collectionVariables.get(\"test-collection1/change-user-profile/youtube\");",
											"    pm.expect(jsonData.contacts.youtube).to.eql(requestValue);",
											"});",
											"pm.test(\"Request 'github contact' value equils response value\", function () {",
											"    var jsonData = pm.response.json();",
											"    const requestValue = pm.collectionVariables.get(\"test-collection1/change-user-profile/github\");",
											"    pm.expect(jsonData.contacts.github).to.eql(requestValue);",
											"});",
											"pm.test(\"Request 'vk contact' value equils response value\", function () {",
											"    var jsonData = pm.response.json();",
											"    const requestValue = pm.collectionVariables.get(\"test-collection1/change-user-profile/vk\");",
											"    pm.expect(jsonData.contacts.vk).to.eql(requestValue);",
											"});",
											"pm.test(\"Request 'main link contact' value equils response value\", function () {",
											"    var jsonData = pm.response.json();",
											"    const requestValue = pm.collectionVariables.get(\"test-collection1/change-user-profile/main-link\");",
											"    pm.expect(jsonData.contacts.mainLink).to.eql(requestValue);",
											"});"
										],
										"type": "text/javascript"
									}
								}
							],
							"request": {
								"auth": {
									"type": "bearer",
									"bearer": [
										{
											"key": "token",
											"value": "{{test-collection1/access_token}}",
											"type": "string"
										}
									]
								},
								"method": "PUT",
								"header": [],
								"body": {
									"mode": "raw",
									"raw": "{\n    \"fullName\": \"{{test-collection1/change-user-profile/full-name}}\",\n    \"aboutMe\": \"{{test-collection1/change-user-profile/about-me}}\",\n    \"lookingForAJob\": {{test-collection1/change-user-profile/looking-for-a-job}},\n    \"lookingForAJobDescription\": \"{{test-collection1/change-user-profile/looking-for-a-job-description}}\",\n    \"contacts\": {\n        \"facebook\": \"{{test-collection1/change-user-profile/facebook}}\",\n        \"website\": \"{{test-collection1/change-user-profile/website}}\",\n        \"twitter\": \"{{test-collection1/change-user-profile/twitter}}\",\n        \"instagram\": \"{{test-collection1/change-user-profile/instagram}}\",\n        \"youtube\": \"{{test-collection1/change-user-profile/youtube}}\",\n        \"github\": \"{{test-collection1/change-user-profile/github}}\",\n        \"vk\": \"{{test-collection1/change-user-profile/vk}}\",\n        \"mainLink\": \"{{test-collection1/change-user-profile/main-link}}\"\n    }\n}",
									"options": {
										"raw": {
											"language": "json"
										}
									}
								},
								"url": {
									"raw": "{{protocol}}://{{dev-url}}/1.0/{{profiles-end-point}}",
									"protocol": "{{protocol}}",
									"host": [
										"{{dev-url}}"
									],
									"path": [
										"1.0",
										"{{profiles-end-point}}"
									]
								}
							},
							"response": []
						},
						{
							"name": "get user profile",
							"event": [
								{
									"listen": "test",
									"script": {
										"exec": [
											"pm.test(\"Get user profile: successfully\", function () {",
											"    pm.response.to.have.status(200);",
											"});",
											"pm.test(\"Request 'full name' value equils response value\", function () {",
											"    var jsonData = pm.response.json();",
											"    const requestValue = pm.collectionVariables.get(\"test-collection1/change-user-profile/full-name\");",
											"    pm.expect(jsonData.fullName).to.eql(requestValue);",
											"});",
											"pm.test(\"Request 'about me' value equils response value\", function () {",
											"    var jsonData = pm.response.json();",
											"    const requestValue = pm.collectionVariables.get(\"test-collection1/change-user-profile/about-me\");",
											"    pm.expect(jsonData.aboutMe).to.eql(requestValue);",
											"});",
											"pm.test(\"Request 'looking for a job' value equils response value\", function () {",
											"    var jsonData = pm.response.json();",
											"    const requestValue = pm.collectionVariables.get(\"test-collection1/change-user-profile/looking-for-a-job\");",
											"    pm.expect(jsonData.lookingForAJob).to.eql(requestValue);",
											"});",
											"pm.test(\"Request 'looking for a job description' value equils response value\", function () {",
											"    var jsonData = pm.response.json();",
											"    const requestValue = pm.collectionVariables.get(\"test-collection1/change-user-profile/looking-for-a-job-description\");",
											"    pm.expect(jsonData.lookingForAJobDescription).to.eql(requestValue);",
											"});",
											"pm.test(\"Request 'facebook contact' value equils response value\", function () {",
											"    var jsonData = pm.response.json();",
											"    const requestValue = pm.collectionVariables.get(\"test-collection1/change-user-profile/facebook\");",
											"    pm.expect(jsonData.contacts.facebook).to.eql(requestValue);",
											"});",
											"pm.test(\"Request 'website contact' value equils response value\", function () {",
											"    var jsonData = pm.response.json();",
											"    const requestValue = pm.collectionVariables.get(\"test-collection1/change-user-profile/website\");",
											"    pm.expect(jsonData.contacts.website).to.eql(requestValue);",
											"});",
											"pm.test(\"Request 'twitter contact' value equils response value\", function () {",
											"    var jsonData = pm.response.json();",
											"    const requestValue = pm.collectionVariables.get(\"test-collection1/change-user-profile/twitter\");",
											"    pm.expect(jsonData.contacts.twitter).to.eql(requestValue);",
											"});",
											"pm.test(\"Request 'instagram contact' value equils response value\", function () {",
											"    var jsonData = pm.response.json();",
											"    const requestValue = pm.collectionVariables.get(\"test-collection1/change-user-profile/instagram\");",
											"    pm.expect(jsonData.contacts.instagram).to.eql(requestValue);",
											"});",
											"pm.test(\"Request 'youtube contact' value equils response value\", function () {",
											"    var jsonData = pm.response.json();",
											"    const requestValue = pm.collectionVariables.get(\"test-collection1/change-user-profile/youtube\");",
											"    pm.expect(jsonData.contacts.youtube).to.eql(requestValue);",
											"});",
											"pm.test(\"Request 'github contact' value equils response value\", function () {",
											"    var jsonData = pm.response.json();",
											"    const requestValue = pm.collectionVariables.get(\"test-collection1/change-user-profile/github\");",
											"    pm.expect(jsonData.contacts.github).to.eql(requestValue);",
											"});",
											"pm.test(\"Request 'vk contact' value equils response value\", function () {",
											"    var jsonData = pm.response.json();",
											"    const requestValue = pm.collectionVariables.get(\"test-collection1/change-user-profile/vk\");",
											"    pm.expect(jsonData.contacts.vk).to.eql(requestValue);",
											"});",
											"pm.test(\"Request 'main link contact' value equils response value\", function () {",
											"    var jsonData = pm.response.json();",
											"    const requestValue = pm.collectionVariables.get(\"test-collection1/change-user-profile/main-link\");",
											"    pm.expect(jsonData.contacts.mainLink).to.eql(requestValue);",
											"});",
											"pm.collectionVariables.unset(\"test-collection1/change-user-profile/full-name\");",
											"pm.collectionVariables.unset(\"test-collection1/change-user-profile/about-me\");",
											"pm.collectionVariables.unset(\"test-collection1/change-user-profile/looking-for-a-job\");",
											"pm.collectionVariables.unset(\"test-collection1/change-user-profile/looking-for-a-job-description\");",
											"pm.collectionVariables.unset(\"test-collection1/change-user-profile/facebook\");",
											"pm.collectionVariables.unset(\"test-collection1/change-user-profile/website\");",
											"pm.collectionVariables.unset(\"test-collection1/change-user-profile/twitter\");",
											"pm.collectionVariables.unset(\"test-collection1/change-user-profile/instagram\");",
											"pm.collectionVariables.unset(\"test-collection1/change-user-profile/youtube\");",
											"pm.collectionVariables.unset(\"test-collection1/change-user-profile/github\");",
											"pm.collectionVariables.unset(\"test-collection1/change-user-profile/vk\");",
											"pm.collectionVariables.unset(\"test-collection1/change-user-profile/main-link\");"
										],
										"type": "text/javascript"
									}
								}
							],
							"request": {
								"auth": {
									"type": "bearer",
									"bearer": [
										{
											"key": "token",
											"value": "{{test-collection1/access_token}}",
											"type": "string"
										}
									]
								},
								"method": "GET",
								"header": [],
								"url": {
									"raw": "{{protocol}}://{{dev-url}}/1.0/{{profiles-end-point}}/{{test-collection1/user1_id}}",
									"protocol": "{{protocol}}",
									"host": [
										"{{dev-url}}"
									],
									"path": [
										"1.0",
										"{{profiles-end-point}}",
										"{{test-collection1/user1_id}}"
									]
								}
							},
							"response": []
						},
						{
							"name": "change user profile photo",
							"event": [
								{
									"listen": "test",
									"script": {
										"exec": [
											"pm.test(\"Change user profile photo: successfully\", function () {",
											"    pm.response.to.have.status(200);",
											"});",
											"pm.test(\"The response contains a photos field\", function () {",
											"    pm.expect(pm.response.text()).to.include(\"photos\");",
											"});",
											"pm.test(\"The response contains a 'small' field\", function () {",
											"    pm.expect(pm.response.text()).to.include(\"small\");",
											"});",
											"pm.test(\"The response contains a 'large' field\", function () {",
											"    pm.expect(pm.response.text()).to.include(\"large\");",
											"});",
											"pm.collectionVariables.unset(\"test-collection1/get-users/page\");",
											"pm.collectionVariables.unset(\"test-collection1/get-users/count\");"
										],
										"type": "text/javascript"
									}
								},
								{
									"listen": "prerequest",
									"script": {
										"exec": [
											""
										],
										"type": "text/javascript"
									}
								}
							],
							"request": {
								"auth": {
									"type": "bearer",
									"bearer": [
										{
											"key": "token",
											"value": "{{test-collection1/access_token}}",
											"type": "string"
										}
									]
								},
								"method": "PUT",
								"header": [],
								"body": {
									"mode": "formdata",
									"formdata": [
										{
											"key": "image",
											"type": "file",
											"src": "/home/alexevs/Изображения/sowa.jpg"
										}
									]
								},
								"url": {
									"raw": "{{protocol}}://{{dev-url}}/1.0/{{profiles-end-point}}/photo",
									"protocol": "{{protocol}}",
									"host": [
										"{{dev-url}}"
									],
									"path": [
										"1.0",
										"{{profiles-end-point}}",
										"photo"
									]
								}
							},
							"response": []
						},
						{
							"name": "follow user",
							"event": [
								{
									"listen": "test",
									"script": {
										"exec": [
											"pm.test(\"Follow user: successfully\", function () {",
											"    pm.response.to.have.status(201);",
											"});",
											"pm.test(\"The response contains an boolean\", function () {",
											"    pm.expect(pm.response.text()).to.include(true);",
											"});"
										],
										"type": "text/javascript"
									}
								},
								{
									"listen": "prerequest",
									"script": {
										"exec": [
											""
										],
										"type": "text/javascript"
									}
								}
							],
							"request": {
								"auth": {
									"type": "bearer",
									"bearer": [
										{
											"key": "token",
											"value": "{{test-collection1/access_token}}",
											"type": "string"
										}
									]
								},
								"method": "POST",
								"header": [],
								"url": {
									"raw": "{{protocol}}://{{dev-url}}/1.0/{{followers-end-point}}/{{test-collection1/user2_id}}",
									"protocol": "{{protocol}}",
									"host": [
										"{{dev-url}}"
									],
									"path": [
										"1.0",
										"{{followers-end-point}}",
										"{{test-collection1/user2_id}}"
									]
								}
							},
							"response": []
						},
						{
							"name": "get users (check follow result)",
							"event": [
								{
									"listen": "test",
									"script": {
										"exec": [
											"pm.test(\"Get users: successfully\", function () {",
											"    pm.response.to.have.status(200);",
											"});",
											"pm.test(\"Response users count no more than request users count\", function () {",
											"    var jsonData = pm.response.json();",
											"    const requestUsersCount = pm.collectionVariables.get(\"test-collection1/get-users/count\");",
											"    pm.expect(jsonData.items.length).to.not.greaterThan(requestUsersCount);",
											"});",
											"pm.test(\"The response contains a total count field\", function () {",
											"    pm.expect(pm.response.text()).to.include(\"totalCount\");",
											"});",
											"pm.test(\"User 1 is a follower for user 2\", function () {",
											"    var jsonData = pm.response.json();",
											"    pm.expect(jsonData.items[1].followed).to.eql(true);",
											"});",
											"pm.collectionVariables.unset(\"test-collection1/get-users/page\");",
											"pm.collectionVariables.unset(\"test-collection1/get-users/count\");"
										],
										"type": "text/javascript"
									}
								},
								{
									"listen": "prerequest",
									"script": {
										"exec": [
											"pm.collectionVariables.set(\"test-collection1/get-users/page\", 1);",
											"pm.collectionVariables.set(\"test-collection1/get-users/count\", 20);"
										],
										"type": "text/javascript"
									}
								}
							],
							"request": {
								"auth": {
									"type": "bearer",
									"bearer": [
										{
											"key": "token",
											"value": "{{test-collection1/access_token}}",
											"type": "string"
										}
									]
								},
								"method": "GET",
								"header": [
									{
										"key": "Authorization",
										"value": "eyJhbGciOiJIUzI1NiIsInR5cCI6IkpXVCJ9.eyJlbWFpbCI6InNhdGFuQHlhbmRleC5ydSIsImlkIjoxLCJyb2xlcyI6W10sImlhdCI6MTY0NTE5Mjk4NSwiZXhwIjoxNjQ1MTkzNTg1LCJhdWQiOiJodHRwczovL3Nvd2EtYXBpLmNvbSIsImlzcyI6Imh0dHBzOi8vc293YS1hcGkuY29tIiwic3ViIjoiMSJ9.NEUGFnJtISwmdIHLiySAU4-y3QAwBtx2pabAcPARnLE",
										"type": "text"
									},
									{
										"key": "origin",
										"value": "",
										"type": "text"
									}
								],
								"url": {
									"raw": "{{protocol}}://{{dev-url}}/1.0/{{users-end-point}}?page={{test-collection1/get-users/page}}&count={{test-collection1/get-users/count}}",
									"protocol": "{{protocol}}",
									"host": [
										"{{dev-url}}"
									],
									"path": [
										"1.0",
										"{{users-end-point}}"
									],
									"query": [
										{
											"key": "page",
											"value": "{{test-collection1/get-users/page}}"
										},
										{
											"key": "count",
											"value": "{{test-collection1/get-users/count}}"
										}
									]
								}
							},
							"response": []
						},
						{
							"name": "unfollow user",
							"event": [
								{
									"listen": "test",
									"script": {
										"exec": [
											"pm.test(\"Unfollow user: successfully\", function () {",
											"    pm.response.to.have.status(200);",
											"});",
											"pm.test(\"The response contains an boolean\", function () {",
											"    pm.expect(pm.response.text()).to.include(true);",
											"});"
										],
										"type": "text/javascript"
									}
								}
							],
							"request": {
								"auth": {
									"type": "bearer",
									"bearer": [
										{
											"key": "token",
											"value": "{{test-collection1/access_token}}",
											"type": "string"
										}
									]
								},
								"method": "DELETE",
								"header": [],
								"url": {
									"raw": "{{protocol}}://{{dev-url}}/1.0/{{followers-end-point}}/{{test-collection1/user2_id}}",
									"protocol": "{{protocol}}",
									"host": [
										"{{dev-url}}"
									],
									"path": [
										"1.0",
										"{{followers-end-point}}",
										"{{test-collection1/user2_id}}"
									]
								}
							},
							"response": []
						},
						{
							"name": "get users (check unfollow result)",
							"event": [
								{
									"listen": "test",
									"script": {
										"exec": [
											"pm.test(\"Get users: successfully\", function () {",
											"    pm.response.to.have.status(200);",
											"});",
											"pm.test(\"Response users count no more than request users count\", function () {",
											"    var jsonData = pm.response.json();",
											"    const requestUsersCount = pm.collectionVariables.get(\"test-collection1/get-users/count\");",
											"    pm.expect(jsonData.items.length).to.not.greaterThan(requestUsersCount);",
											"});",
											"pm.test(\"The response contains a total count field\", function () {",
											"    pm.expect(pm.response.text()).to.include(\"totalCount\");",
											"});",
											"pm.test(\"User 1 is a follower for user 2\", function () {",
											"    var jsonData = pm.response.json();",
											"    pm.expect(jsonData.items[1].followed).to.eql(false);",
											"});",
											"pm.collectionVariables.unset(\"test-collection1/get-users/page\");",
											"pm.collectionVariables.unset(\"test-collection1/get-users/count\");"
										],
										"type": "text/javascript"
									}
								},
								{
									"listen": "prerequest",
									"script": {
										"exec": [
											"pm.collectionVariables.set(\"test-collection1/get-users/page\", 1);",
											"pm.collectionVariables.set(\"test-collection1/get-users/count\", 20);"
										],
										"type": "text/javascript"
									}
								}
							],
							"request": {
								"auth": {
									"type": "bearer",
									"bearer": [
										{
											"key": "token",
											"value": "{{test-collection1/access_token}}",
											"type": "string"
										}
									]
								},
								"method": "GET",
								"header": [
									{
										"key": "Authorization",
										"value": "eyJhbGciOiJIUzI1NiIsInR5cCI6IkpXVCJ9.eyJlbWFpbCI6InNhdGFuQHlhbmRleC5ydSIsImlkIjoxLCJyb2xlcyI6W10sImlhdCI6MTY0NTE5Mjk4NSwiZXhwIjoxNjQ1MTkzNTg1LCJhdWQiOiJodHRwczovL3Nvd2EtYXBpLmNvbSIsImlzcyI6Imh0dHBzOi8vc293YS1hcGkuY29tIiwic3ViIjoiMSJ9.NEUGFnJtISwmdIHLiySAU4-y3QAwBtx2pabAcPARnLE",
										"type": "text"
									},
									{
										"key": "origin",
										"value": "",
										"type": "text"
									}
								],
								"url": {
									"raw": "{{protocol}}://{{dev-url}}/1.0/{{users-end-point}}?page={{test-collection1/get-users/page}}&count={{test-collection1/get-users/count}}",
									"protocol": "{{protocol}}",
									"host": [
										"{{dev-url}}"
									],
									"path": [
										"1.0",
										"{{users-end-point}}"
									],
									"query": [
										{
											"key": "page",
											"value": "{{test-collection1/get-users/page}}"
										},
										{
											"key": "count",
											"value": "{{test-collection1/get-users/count}}"
										}
									]
								}
							},
							"response": []
						},
						{
							"name": "logout",
							"event": [
								{
									"listen": "test",
									"script": {
										"exec": [
											"pm.test(\"Log out: successfully\", function () {",
											"    pm.response.to.have.status(200);",
											"});",
											"pm.test(\"The response contains an boolean\", function () {",
											"    pm.expect(pm.response.text()).to.include(true);",
											"});",
											"pm.test(\"Cookie refresh_token isn't present\", () => {",
											"  pm.expect(pm.cookies.has('refresh_token')).to.be.false;",
											"});",
											"pm.collectionVariables.unset(\"test-collection1/access_token\");",
											"pm.collectionVariables.unset(\"test-collection1/user1_id\");",
											"pm.collectionVariables.unset(\"test-collection1/user2_id\");"
										],
										"type": "text/javascript"
									}
								}
							],
							"request": {
								"auth": {
									"type": "bearer",
									"bearer": [
										{
											"key": "token",
											"value": "{{test-collection1/access_token}}",
											"type": "string"
										}
									]
								},
								"method": "DELETE",
								"header": [],
								"url": {
									"raw": "{{protocol}}://{{dev-url}}/1.0/{{auth-end-point}}/logout",
									"protocol": "{{protocol}}",
									"host": [
										"{{dev-url}}"
									],
									"path": [
										"1.0",
										"{{auth-end-point}}",
										"logout"
									]
								}
							},
							"response": []
						}
					]
				}
			]
		}
	],
	"event": [
		{
			"listen": "prerequest",
			"script": {
				"type": "text/javascript",
				"exec": [
					""
				]
			}
		},
		{
			"listen": "test",
			"script": {
				"type": "text/javascript",
				"exec": [
					""
				]
			}
		}
	],
	"variable": [
		{
			"key": "protocol",
			"value": "http"
		},
		{
			"key": "dev-url",
			"value": "localhost:5000/api"
		},
		{
			"key": "auth-end-point",
			"value": "auth"
		},
		{
			"key": "users-end-point",
			"value": "users"
		},
		{
			"key": "roles-end-point",
			"value": "roles"
		},
		{
			"key": "profiles-end-point",
			"value": "profiles"
		},
		{
			"key": "posts-end-point",
			"value": "posts"
		},
		{
			"key": "followers-end-point",
			"value": "followers"
		},
		{
			"key": "security-end-point",
			"value": "security"
		}
	]
}