{
	"info": {
		"_postman_id": "9620dc0a-99ba-4e42-bd0f-18282bc9ada1",
		"name": "sowa-server",
		"schema": "https://schema.getpostman.com/json/collection/v2.1.0/collection.json"
	},
	"item": [
		{
			"name": "Создать пользователя",
			"request": {
				"method": "POST",
				"header": [],
				"body": {
					"mode": "raw",
					"raw": "{\n    \"id\": 5,\n    \"email\": \"evstsdfafsdfiadi@yandex.ru\",\n    \"password\": \"4815162342\",\n    \"banned\": \"false\",\n    \"banReason\": \"\"\n}",
					"options": {
						"raw": {
							"language": "json"
						}
					}
				},
				"url": {
					"raw": "{{devBaseUrl}}{{usersEndpoint}}",
					"host": [
						"{{devBaseUrl}}{{usersEndpoint}}"
					]
				}
			},
			"response": []
		},
		{
			"name": "Получить пользователей",
			"request": {
				"method": "GET",
				"header": [],
				"url": {
					"raw": "{{devBaseUrl}}{{usersEndpoint}}",
					"host": [
						"{{devBaseUrl}}{{usersEndpoint}}"
					]
				}
			},
			"response": []
		}
	],
	"event": [
		{
			"listen": "prerequest",
			"script": {
				"type": "text/javascript",
				"exec": [
					""
				]
			}
		},
		{
			"listen": "test",
			"script": {
				"type": "text/javascript",
				"exec": [
					""
				]
			}
		}
	],
	"variable": [
		{
			"key": "devBaseUrl",
			"value": "localhost:5000"
		},
		{
			"key": "usersEndpoint",
			"value": "/users"
		}
	]
}